{"products":[{"id":"0.939832305714055","qty":1}],"totalPrice":19.989999999999995}